Id,Name,NetsuiteId__c
a04IV00000rHDq8YAG,2020004440,19721
a04IV00000rHFCkYAO,2021001100,19722
a04IV00000rHFMTYA4,2021001606,19723
a04IV00000rHEipYAG,2022005561,19724
a04IV00000rHH6XYAW,2023003547,20156
a04IV00000rHL3JYAW,2023005516,19725
a04IV00000rHL9EYAW,2024000045,20429
a04IV00000rGqfWYAS,2024000076,19726
a04IV00000rHLDCYA4,2024000288,19727
a04IV00000rHLDxYAO,2024000337,20009
a04IV00000rHLEIYA4,2024000351,19728
a04IV00000rHJmsYAG,2024000755,21030
a04IV00000rHLP0YAO,2024000979,19729
a04IV00000rHLXsYAO,2024001418,19730
a04IV00000rHLujYAG,2024002815,19731
a04IV00000rHM0lYAG,2024003250,19732
a04IV00000rHMChYAO,2024003861,19733
a04IV00000rHMI5YAO,2024004246,19734
a04IV00000rHMOqYAO,2024004744,19735
a04IV00000rHMToYAO,2024005033,20003
a04IV00000rHMWMYA4,2024005186,19736
a04IV00000rH7DuYAK,2025000014,21067
a04IV00000rHMlyYAG,2025000024,20430
a04IV00000rHMonYAG,2025000072,19737
a04IV00000rHMoIYAW,2025000126,20010
a04IV00000rHMrQYAW,2025000236,19738
a04IV00000rHMnoYAG,2025000255,19739
a04IV00000rHMnQYAW,2025000360,19740
a04IV00000rHMq9YAG,2025000427,19741
a04IV00000rHN01YAG,2025000978,19742
a04IV00000rHN2wYAG,2025001050,19743
a04IV00000rHN3wYAG,2025001119,19744
a04IV00000rHNBvYAO,2025001465,19745
a04IV00000rHNDOYA4,2025001536,19746
a04IV00000rHNEaYAO,2025001605,19747
a04IV00000rHNT9YAO,2025002754,20885
a04IV00000rHNV5YAO,2025002856,21031
a04IV00000rHNVtYAO,2025002913,20844
a04IV00000rHNfYYAW,2025003249,21066
a04IV00000rHNgEYAW,2025003467,20886
a04IV00000rHNqbYAG,2025004029,27614
