Id,NetsuiteId__c
001IV000015SAGlYAO,2449
001IV000015EwXTYA0,1212
001IV000015EtNxYAK,1213
001IV000015EwXGYA0,1214
001IV000015EwXUYA0,1215
001IV000015S7NHYA0,2383
001IV000015RyDXYA0,2382
001IV000015Ev3nYAC,1216
001IV000015EvIuYAK,1217
001IV000015EtNJYA0,1218
001IV000015EtPhYAK,1219
001IV00001OqxYmYAJ,25018
001IV000015S9HNYA0,25019
001IV000015DcKbYAK,1220
001IV000015S8ixYAC,2986
001IV000015EvIYYA0,1221
001IV000015EtOjYAK,1222
001IV000015EtNiYAK,1223
001IV000015S54HYAS,2609
001IV000015S2eMYAS,3088
001IV000015EtPGYA0,1224
001IV000015S6ZxYAK,2987
001IV000015EvJ0YAK,1225
001IV000015EtPLYA0,1226
001IV000015EwYNYA0,1227
001IV000015EtPqYAK,6587
001IV000015EwYKYA0,1228
001IV000015S9HEYA0,2394
001IV000015S85xYAC,2988
001IV000015S9GjYAK,2714
001IV00001GdCfXYAV,17868
001IV00001M0tlhYAB,25320
001IV000015EvIJYA0,1229
001IV000015EtOiYAK,1230
001IV000015S9H0YAK,2740
001IV000015Eu0fYAC,1231
001IV000015klDlYAI,2713
001IV000015EvHvYAK,1232
001IV000015EvISYA0,1233
001IV000015RyDWYA0,2385
001IV000015EY52YAG,11767
001IV000015Ev3rYAC,1234
001IV000015Ev47YAC,1235
001IV000015EtNYYA0,1236
001IV000015ERwUYAW,1237
001IV000015SCrrYAG,3397
001IV000015EtPEYA0,1238
001IV000015EtPFYA0,1239
001IV000015MBzIYAW,1184
001IV000015Q2PdYAK,25627
001IV000015EtPUYA0,1240
001IV000015Li2jYAC,1181
001IV000015EvIwYAK,1241
001IV000015EwYEYA0,1242
001IV000015EtNvYAK,1243
001IV000015EtPNYA0,1244
001IV000015RewRYAS,2826
001IV000015S9HMYA0,2465
001IV000015EwYRYA0,1245
001IV000015QLa5YAG,1246
001IV000015EvIbYAK,1247
001IV000015Ev44YAC,1248
001IV000015EwWbYAK,1249
001IV000015EvJBYA0,1250
001IV000015SAGXYA4,2386
001IV000015SAHqYAO,2827
001IV000015SAHeYAO,2716
001IV000015RcUlYAK,2387
001IV000015S548YAC,2403
001IV000015S4l5YAC,2533
001IV000015S9GHYA0,2989
001IV000015EwX3YAK,1252
001IV000015EvIQYA0,1253
001IV000015EwX7YAK,1254
001IV000015Ev3GYAS,1255
001IV00001H2xWQYAZ,19784
001IV000015S3RPYA0,2390
001IV000015S54IYAS,2391
001IV000015EwXfYAK,1256
001IV000015EtNTYA0,1257
001IV000016MKImYAO,23578
001IV000015EvJ2YAK,1258
001IV000015S9H2YAK,2718
001IV000015RzTNYA0,2990
001IV000015S9GrYAK,2719
001IV000015S54EYAS,2388
001IV000015SJXZYA4,2389
001IV000015EtPWYA0,1259
001IV000015EwXMYA0,1260
001IV000015EwXbYAK,1261
001IV000015RcUqYAK,2720
001ci00000SjJeJAAV,32045
001IV000015EwY4YAK,1262
001IV000015SJXOYA4,11860
001IV000015EwYLYA0,11768
001IV000015EvHqYAK,1263
001IV000015Ev3lYAC,1264
001IV000015EsS8YAK,1251
001IV000015RcUnYAK,2392
001IV000015RyDjYAK,2991
001IV000015SAHJYA4,2853
001IV000015EtO5YAK,1265
001IV000015EwXlYAK,1266
001IV000015S9GoYAK,2756
001IV000015EvIpYAK,1267
001IV000015Ev42YAC,1268
001IV000015RzT7YAK,2393
001IV000015EvIOYA0,1269
001IV000015EtOuYAK,1270
001IV000015EwYBYA0,1271
001IV000015S9GTYA0,2722
001IV000015EtNPYA0,2081
001IV000015EvHzYAK,1273
001IV000015EQaYYAW,1274
001IV000015S9HQYA0,2992
001IV000015S54QYAS,2396
001IV000015RuofYAC,2721
001IV000015S3zLYAS,2397
001IV000015S3zMYAS,11871
001IV000015SK2BYAW,11872
001IV000015SK2AYAW,11873
001IV000015S6VTYA0,11874
001IV000015S3zKYAS,11875
001IV000015S3zJYAS,11876
001IV000015SK2FYAW,11877
001IV000015SK2EYAW,11878
001IV000015SK2DYAW,11879
001IV000015SK2CYAW,11880
001IV000015RyDYYA0,11881
001IV000015EtPbYAK,1275
001IV000015EwXdYAK,1276
001IV000015RewHYAS,2828
001IV000015EwWeYAK,1277
001IV000015EtO4YAK,1278
001IV000015S50QYAS,2993
001IV000015EvJGYA0,1279
001IV000015SADwYAO,2854
001IV000015S8izYAC,2994
001IV000015S7NgYAK,2717
001IV000015EtNGYA0,11769
001IV000015EtPIYA0,1280
001IV000015S3RZYA0,2417
001IV000015Ev3qYAC,1281
001IV000015EwY9YAK,1282
001IV000015EwYMYA0,1283
001IV000015kl9mYAA,2416
001ci00000QEXWbAAP,26873
001IV000015EtPAYA0,1284
001IV000015EtOOYA0,1285
001IV000015EhjRYAS,2281
001IV000015EwY3YAK,1286
001IV000015RyDcYAK,2418
001IV000015Rw2RYAS,11884
001IV000015Rw2OYAS,2419
001IV000015RuoVYAS,2421
001IV000015SGWeYAO,2423
001IV000015SCrlYAG,11885
001IV000015Rw2VYAS,2425
001IV000015Rw2UYAS,22960
001IV000015S3zXYAS,11882
001IV000015Rw2SYAS,11883
001IV000015SGUjYAO,2430
001IV000015Rw2TYAS,11886
001IV000015Rw2WYAS,2424
001IV000015SGWbYAO,2420
001IV000015EUckYAG,1287
001IV000015S86EYAS,2997
001IV000015SJKdYAO,2723
001IV000015SAIBYA4,2725
001IV000015SGWqYAO,2724
001IV000015SAI3YAO,2995
001IV000015SAI2YAO,11781
001IV000015EtPYYA0,1288
001IV000015SAGcYAO,2726
001IV000015SCrkYAG,11887
001IV000015SAI4YAO,2996
001IV000015EtO6YAK,1289
001IV000015EvIqYAK,2082
001IV000015Ev3fYAC,11770
001IV000015EvIoYAK,2083
001IV000015EwXVYA0,1292
001IV000015SCroYAG,2432
001IV000015EtPfYAK,2084
001IV000015EvICYA0,11760
001IV000015EWbIYAW,1294
001IV000015DcKaYAK,1182
001IV000017vra0YAA,28418
001IV000015EtOhYAK,1295
001IV000015SAGxYAO,3401
001IV000015EtNsYAK,2085
001IV000015EtOtYAK,1298
001ci00000UV38SAAT,31613
001IV000015EgsF,1299
001IV000015RzTQYA0,2998
001IV000015EwWXYA0,1300
001IV000015SWcoYAG,2405
001IV000015SWcnYAG,2404
001IV000015EwYTYA0,1301
001IV000015Ev3TYAS,1302
001IV000015EvJOYA0,1303
001IV000015SWcpYAG,2407
001IV000015EtNr,1304
001IV000015SWclYAG,2406
001IV000015EwXnYAK,1305
001IV000015EmhYYAS,1306
001IV000015EvI3YAK,1307
001IV000015EgsKYAS,1183
001IV000015SAGNYA4,2434
001IV000015EvJ4YAK,1308
001IV000015EUcmYAG,1309
001IV000015S9GmYAK,2715
001IV000015Ev3yYAC,1310
001IV000015SWcqYAG,2413
001IV000015EtNMYA0,2282
001IV000015SWcmYAG,2408
001IV000015Rew7YAC,2999
001IV000015RewOYAS,3000
001IV000015STF9YAO,15293
001IV000015Ev4TYAS,1312
001IV000015EWbMYAW,1313
001IV000015SAGgYAO,2435
001IV000015RhU6YAK,2829
001IV000015Eu0eYAC,1314
001IV000015S2SWYA0,3001
001IV000015EtO9YAK,1315
001IV000015SAGaYAO,2728
001IV000015EtOJYA0,2087
001IV000015EtPVYA0,1317
001IV000015S50NYAS,3002
001IV000015EvIdYAK,1318
001IV000015S54LYAS,2436
001IV000015EtNbYAK,1319
001IV000015SAHdYAO,2729
001IV000015EvJPYA0,11762
001IV000015EwWqYAK,1320
001IV000015EtO7YAK,1321
001IV000015RzTGYA0,2731
001IV000015S2eYYAS,3005
001IV000015RewPYAS,3009
001IV000015RzTfYAK,3008
001IV000015S2SOYA0,3011
001IV000015S9HDYA0,2438
001IV000015SAI6YAO,3004
001IV000015S9HJYA0,2437
001IV000015SGUfYAO,2442
001IV000015RzTHYA0,2733
001IV000015S6LzYAK,2443
001IV000015S6M0YAK,2444
001IV000015SGUgYAO,2445
001IV000015Ev3NYAS,2088
001IV000015S2eNYAS,3018
001IV000015SAHXYA4,2618
001IV000015RyKzYAK,3017
001IV000015S50CYAS,3014
001IV000015Ev36,1323
001IV000015S6a8YAC,3015
001IV000015Ev4RYAS,1324
001IV000015RewMYAS,3016
001IV000015EmhZYAS,11764
001IV000015S9GZYA0,2730
001IV000015SJXVYA4,2857
001IV000015SJXUYA4,2856
001IV000015S8imYAC,3019
001IV000015SvbBYAS,2499
001IV000015kl9RYAQ,2439
001IV000015SJZOYA4,2892
001IV000015S54MYAS,2897
001IV000015kl9tYAA,2858
001IV000015Rw2NYAS,2569
001IV000015SAGBYA4,2440
001IV000015RhU5YAK,3006
001IV000015SAFiYAO,3007
001IV000015Ev3IYAS,1326
001IV000015RzTaYAK,3020
001IV000015Ev33YAC,1327
001IV000015EwX6YAK,1328
001IV000015S8icYAC,3242
001IV000015EtNtYAK,2089
001IV000015EtNhYAK,1330
001IV000015SAGyYAO,3406
001IV000015RyDgYAK,3010
001IV000015EvIhYAK,6588
001IV000015EwXeYAK,11777
001IV000015EtNkYAK,1331
001IV000015EtOQYA0,1332
001IV000015Ev3xYAC,1333
001IV000015EwWfYAK,1334
001IV00000kR7SoYAK,6688
001IV000015SGWlYAO,2788
001IV000015SGWpYAO,2789
001IV000015SGWoYAO,2790
001IV000015SGWnYAO,2791
001IV000015SGWmYAO,2792
001IV000015EgsQYAS,1189
001IV000015EgsLYAS,1199
001IV000015K50WYAS,1203
001IV000015EgsMYAS,1205
001IV000015MM26YAG,1191
001IV000015PctYYAS,1195
001IV000016M5KXYA0,18270
001IV000015Rw27YAC,25959
001ci00000TyhsbAAB,30698
001ci00000SunIuAAJ,30907
001IV000015RyDkYAK,32546
001IV000015SAHkYAO,32646
001IV000017vtEaYAI,33046
001IV000015EtPRYA0,1335
001IV000015RvVQYA0,2447
001IV000015S85mYAC,3022
001IV000015klDmYAI,2738
001IV000015Ev4IYAS,1336
001IV000015EwWtYAK,1337
001IV000015EwXxYAK,1338
001IV000015S6LwYAK,2900
001IV000015EtPPYA0,1339
001IV000015RewNYAS,3028
001IV000015EwXqYAK,1340
001IV000015S54YYAS,2490
001IV000015S6a4YAC,3027
001IV000015EvIAYA0,1341
001IV000015S2eQYAS,3035
001IV000015EwX8YAK,1342
001IV000015S0hhYAC,2735
001IV000015EtNWYA0,1343
001IV000015S9H6YAK,2736
001IV000015EwX1YAK,1344
001IV000015S8ipYAC,3023
001IV000015S6VSYA0,2446
001IV000015S8iPYAS,3021
001IV000015SAHBYA4,2862
001IV000015S8jDYAS,3024
001IV000015kl9TYAQ,2556
001IV000015kl9UYAQ,2557
001IV000015SAHwYAO,3034
001IV000015SAH9YAO,2860
001IV000015RzTOYA0,3046
001IV000015SAGtYAO,3398
001IV000015SAGuYAO,3399
001IV000015EwXyYAK,1345
001IV000015SAGWYA4,2543
001IV000015SJXWYA4,2941
001IV000015S3ROYA0,2451
001IV000015RzTZYA0,3039
001IV000015SGUsYAO,2450
001IV000015S9GlYAK,2795
001IV000015S8ifYAC,3037
001IV000015S6a5YAC,3036
001IV000015EvHrYAK,1346
001IV000015RzTcYAK,3038
001IV000015RyECYA0,3040
001IV000015S8iQYAS,3041
001ci00000TihGkAAJ,29891
001ci00000Tj1ldAAB,29892
001ci00000Tiux4AAB,29893
001ci00000Tj0zGAAR,29890
001IV000015RzTBYA0,2453
001IV000015RyDeYAK,2742
001IV000015RewFYAS,3192
001IV000015RyE3YAK,3049
001IV000015S3RbYAK,2744
001IV000015SAHQYA4,3026
001IV000015EtOkYAK,1347
001IV000015S4l3YAC,2960
001IV000015Ev3KYAS,1348
001IV000015EvIcYAK,11776
001IV000015S9GPYA0,2734
001IV000015RvVMYA0,2737
001IV000015RewIYAS,3050
001IV000015EvINYA0,1349
001IV000015SAHGYA4,2861
001IV000015S6a0YAC,3051
001IV000015RzTMYA0,3056
001IV000015kl9qYAA,2868
001IV000015SAIEYA4,3400
001IV000015RyDZYA0,2454
001IV000015RewJYAS,3033
001IV000015klDeYAI,2448
001IV000015RcUsYAK,2456
001IV000015SGUhYAO,2899
001IV000015RcUZYA0,2455
001IV000015S8inYAC,3045
001IV000015RzTSYA0,3048
001IV000015S9GyYAK,2743
001IV000015SAFzYAO,2464
001IV000015EvInYAK,2090
001IV000015EwYAYA0,1351
001IV000015SCZFYA4,2457
001IV00001O8KBPYA3,24708
001IV000015S9GSYA0,2739
001IV000015S6LxYAK,2458
001IV000015RewKYAS,3054
001IV000015SAG9YAO,2452
001IV000015EwWZYA0,1352
001IV000015EwXCYA0,1353
001IV000015RzThYAK,3058
001IV000015RuoiYAC,3029
001IV000015EtnnYAC,1185
001IV000015Ev4QYAS,1354
001IV000015DcKTYA0,1186
001IV000015EwWvYAK,1355
001IV000015Ev3pYAC,1356
001IV000015RuojYAC,3031
001IV000015S85kYAC,3055
001IV000015RuokYAC,3032
001IV000015EQaZYAW,6591
001IV000019tyXMYAY,22756
001IV000015RyDtYAK,3059
001IV000015RyEBYA0,3053
001IV000015EtNZYA0,1357
001IV000015S85pYAC,3052
001IV000015SAHyYAO,3057
001IV000015S9HAYA0,2852
001IV000015SAHHYA4,2863
001IV000015S50FYAS,3042
001IV000015SAGbYAO,2741
001IV000015S9GqYAK,2727
001IV000015S4lAYAS,2459
001IV000015SJXSYA4,2865
001IV000015SAGKYA4,2460
001IV000015RyDuYAK,3067
001IV000015Ev4JYAS,1358
001IV000015RzT4YAK,2643
001IV000015EtPJYA0,1359
001IV000015EtPdYAK,1360
001IV000015EvIyYAK,2091
001IV000015EvHwYAK,1362
001IV000015RvVLYA0,27399
001IV000015SAGZYA4,2767
001IV000015Ev4GYAS,1363
001IV000015S50OYAS,3062
001IV000015EwX0YAK,1364
001IV000015S8jIYAS,3061
001IV000015SAHCYA4,2866
001IV00001A0mDWYAZ,19475
001IV000015Ev3cYAC,1365
001IV000015Rew8YAC,3071
001IV000015Ev4HYAS,1366
001IV000015S3RUYA0,2461
001IV000015EWbOYAW,1367
001IV000015S86HYAS,3066
001IV000015RyEDYA0,21213
001IV000015RhU3YAK,3060
001IV000015RcUdYAK,2462
001IV000015S8jCYAS,3069
001IV000015S8j4YAC,3068
001IV000015S2SLYA0,3064
001IV000015EtnpYAC,1187
001IV000015EYVC,1296
001IV000015En0p,1569
001IV000015Ev3gYAC,2092
001IV000015RyE5YAK,3072
001IV000015SADpYAO,3063
001IV000015RzTPYA0,3070
001IV000015EvI6YAK,1369
001IV000015S3RLYA0,2463
001IV000015EwXNYA0,2093
001IV000015RyDhYAK,3073
001IV000015Ev3UYAS,1372
001IV000015En0o,1371
001IV000015RewQYAS,3128
001IV000015Ev3zYAC,1373
001IV000015EtPiYAK,2094
001IV000015EvJEYA0,1375
001IV000015EvJLYA0,1376
001IV000015EvITYA0,1377
001IV000015EtOTYA0,2095
001IV000015klDaYAI,2480
001IV000015klDbYAI,2475
001IV000015klDRYAY,2477
001IV000015SJXTYA4,2864
001IV000015kl9yYAA,2479
001IV000015klDYYAY,2483
001IV000015klDXYAY,2481
001IV000015klDVYAY,2484
001IV000015klA2YAI,2903
001IV000015klDZYAY,2485
001IV000015klDSYAY,2486
001IV000015SAHoYAO,3092
001IV000015klA4YAI,22959
001IV000015klDUYAY,2488
001IV000015klDWYAY,2482
001IV000015klDTYAY,2487
001IV000015EwWrYAK,1379
001IV000015RzT5YAK,2474
001IV000015klA6YAI,2476
001IV000015S86CYAS,3074
001IV000015S8iXYAS,3091
001IV000015EtOaYAK,1380
001IV000015S6a2YAC,3075
001IV000015S8ibYAC,3085
001IV000015S9GsYAK,2745
001IV000015RzTEYA0,2749
001IV000015SADoYAO,3076
001IV000015Ev3aYAC,1381
001IV000015SAGoYAO,3077
001IV000015SAI9YAO,3079
001IV000015S9GwYAK,2746
001IV000015EvJQYA0,6592
001IV000015EvILYA0,6593
001IV000015RyE2YAK,3078
001IV000015SADrYAO,3080
001IV000015SGWcYAO,2466
001IV000015SAHlYAO,3081
001IV000015EtNLYA0,1382
001IV000015EtO8YAK,1383
001IV000015SAGAYA4,2395
001IV000015EvJHYA0,1384
001IV00001MKVyaYAH,24484
001IV000015Ev3JYAS,1385
001IV000015EtnqYAC,1188
001IV000015EvI1YAK,1386
001IV000015Ev4AYAS,11771
001IV000015S8iyYAC,3082
001IV000015Ev34YAC,1387
001IV000015Ev4PYAS,1388
001IV000015PwyQYAS,1389
001IV000015EwXPYA0,1390
001IV000015EtOWYA0,1391
001IV000015S3zPYAS,2504
001IV000015S9GeYAK,2747
001IV000015RyE7YAK,2835
001IV000015S6ZzYAK,3084
001IV000015SAHUYA4,2471
001IV000015S8j5YAC,3086
001IV000015EwXOYA0,1392
001IV000015Ev3LYAS,2096
001IV000015SAHTYA4,3087
001IV000015RcUrYAK,2748
001IV000015Ev3iYAC,2097
001IV000015S4lDYAS,3094
001IV000015EtP2YAK,1395
001IV000015EtP9YAK,1396
001IV000015SAGOYA4,2514
001IV000015EwXzYAK,1397
001IV000015Ev4VYAS,1398
001IV000015EwWyYAK,1399
001IV000015SAGYYA4,2470
001IV000015EtOIYA0,2098
001IV000016vmnBYAQ,20297
001IV000015SdRmYAK,2489
001IV000015S2eVYAS,3095
001IV000015kl8tYAA,2478
001IV000015SAGqYAO,3090
001IV000015S2eZYAS,3089
001IV000016MK1CYAW,16427
001IV000015EvIGYA0,1401
001IV000015EwX9YAK,1402
001IV000015En0m,1325
001IV000015SAGTYA4,2473
001IV000017vrbCYAQ,28216
001IV000015EtNpYAK,2283
001IV000015Ev4XYAS,1404
001IV000015EtPaYAK,2100
001IV000015QK9RYAW,1406
001IV000015S2SQYA0,3096
001IV000015EWbTYAW,1407
001IV000015EwX5YAK,1408
001IV000015EtOFYA0,1409
001IV000015EtNuYAK,1410
001IV000015EwY8YAK,11772
001IV000015kl9uYAA,2859
001IV000015EvI5YAK,1411
001IV000015SJZRYA4,2492
001IV000015S6LvYAK,2491
001IV000015RzTFYA0,2755
001IV000015EwYVYA0,1412
001IV000015EtNjYAK,2101
001IV000015Ev45YAC,1414
001IV000015S8j7YAC,3099
001IV000015S54XYAS,2594
001IV000015SADsYAO,3117
001IV000015EtnrYAC,2284
001IV000015S9GkYAK,2750
001IV000015SJKbYAO,2616
001IV000015SAHAYA4,2867
001IV000015Ev3wYAC,1416
001IV000015kl9SYAQ,3403
001IV000015Ev3mYAC,1417
001IV000015EvIfYAK,1418
001IV000015l3aLYAQ,3115
001IV000015SAHrYAO,3104
001IV000015RyDvYAK,3105
001IV000015S2eDYAS,3101
001IV000015EtPKYA0,1419
001IV000015S2ePYAS,3107
001IV000015S85wYAC,3108
001IV000015EwXFYA0,2103
001IV000015EwXcYAK,2104
001IV000015EtObYAK,1422
001IV000016NkFvYAK,11761
001IV000015S2eSYAS,3109
001IV000015S6a6YAC,3110
001IV000015SAHVYA4,2493
001IV000015kl9IYAQ,2576
001IV000015S9HRYA0,2770
001IV000015RyDqYAK,3106
001IV000015SAHuYAO,3114
001IV000015S6a1YAC,3102
001IV000015S863YAC,3100
001IV000015S9GLYA0,2751
001IV000015EvJ6YAK,1423
001IV00001NofodYAB,28728
001IV000015EvIiYAK,1424
001IV000015RzTgYAK,3118
001IV000015RzTbYAK,3112
001IV000015S54aYAC,2494
001IV000015RyDwYAK,3113
001IV000015S868YAC,3134
001IV00001AfKUPYA3,11782
001IV000015EuyNYAS,1425
001IV000015S85vYAC,3098
001IV000017vra5YAA,25321
001IV000015RyE1YAK,3116
001IV000015Ev3BYAS,1426
001IV000015S507YAC,3111
001IV000015RuoZYAS,2666
001IV000015S8ikYAC,3103
001IV000015S85uYAC,3097
001IV000015RzTAYA0,2512
001IV000015SAHYYA4,2496
001IV000015S8iRYAS,3131
001IV000015kctOYAQ,2497
001IV000015EtP8YAK,1427
001IV000015RcUbYAK,2498
001IV000015S4l9YAC,2495
001IV000015S2eRYAS,3043
001IV000015SAHRYA4,3127
001IV000015RvVTYA0,2754
001IV000015S2SVYA0,3129
001IV000015S54JYAS,2467
001IV000015EtPeYAK,6595
001IV000015S8nNYAS,3124
001IV000015S86BYAS,3125
001IV000015SAHNYA4,2869
001IV000015EwWVYA0,2105
001IV000015DcKcYAK,1190
001IV000015EWbJYAW,1429
001IV000015SAGUYA4,2469
001IV000015EwY0YAK,1430
001IV000015EuyOYAS,1431
001IV000015EtOvYAK,1432
001IV000015SADtYAO,3122
001IV000015S50HYAS,3121
001IV000015S3RRYA0,2753
001IV000015S2STYA0,3123
001IV000015S50BYAS,3120
001ci00000QRZkIAAX,27805
001IV000015EvIm,1433
001IV000015EvIHYA0,1434
001IV000015SAHDYA4,2870
001IV000015EtP4YAK,1435
001IV000015S9HHYA0,2516
001IV000015EwWwYAK,1436
001IV000015EwYFYA0,1437
001IV00001MEjksYAD,23979
001IV000015SAGzYAO,3405
001IV000015RzTIYA0,2752
001IV000015EtNrYAK,2285
001IV000015DcKWYA0,1439
001IV000015EvJFYA0,1440
001IV000015SAI1YAO,3137
001IV000015EtOfYAK,2107
001IV000015SAHvYAO,3138
001IV000015S2eEYAS,3130
001IV000015S7NdYAK,2907
001IV000015Ev3bYAC,2108
001IV000015EtOBYA0,2109
001IV000015SAH6YAO,2889
001IV000015SAIHYA4,3404
001IV000015EtNmYAK,2286
001IV000015S3zSYAS,2510
001IV000015SAHLYA4,2871
001IV000015S3zUYAS,2500
001IV000015SE3BYAW,2501
001IV000015S3zVYAS,2502
001IV000015S85qYAC,3126
001IV000015S3zTYAS,2503
001IV000015Ev3sYAC,1446
001IV000015EwYQYA0,1447
001IV000015S6a7YAC,3133
001IV000015S9GdYAK,2757
001IV000015S2SRYA0,3139
001IV000015Ev3AYAS,2111
001IV000015RcUmYAK,2518
001IV000015Rw2fYAC,2511
001IV000015S3zOYAS,2509
001IV00001AZgkjYAD,28528
001IV000015RzT9YAK,2520
001IV000015Ev3YYAS,2112
001IV000015EwXZYA0,2113
001IV000015Ev3QYAS,2114
001IV000015RewLYAS,3119
001IV000015EvIBYA0,2115
001IV000015QK9TYAW,1453
001IV000015EwY1YAK,1454
001IV000015EtPCYA0,1455
001IV000015RyDfYAK,2855
001IV000015EvIVYA0,6596
001IV000015EgsJYAS,1192
001IV000015SAI5YAO,3140
001IV0000181TzAYAU,11763
001IV000015RyDpYAK,3145
001IV000015EtPkYAK,2116
001IV000015EvJ7YAK,11778
001IV000015Rw2JYAS,2563
001IV000015Rw2KYAS,2564
001IV000015S3zIYAS,15497
001IV00001LV9ldYAD,24179
001IV000015RcUoYAK,2521
001IV000015SAG7YAO,11893
001IV000015S54SYAS,11894
001IV000015Rw2XYAS,2560
001IV000015Rw2bYAC,2561
001IV000015SAHMYA4,2872
001IV000015S54DYAS,2562
001IV000015SAGfYAO,2526
001IV000015EwY2YAK,1457
001IV000015S6VUYA0,3148
001IV000015EWjNYAW,6597
001IV000015kl9kYAA,2758
001IV000015SAH1YAO,2759
001IV000015EwXoYAK,11774
001IV000015RzTjYAK,3144
001IV000015SAI7YAO,3147
001IV000015SAHzYAO,3141
001IV000015EuyPYAS,1458
001IV000015S8nLYAS,2760
001IV000015EvHuYAK,1459
001IV000015S3RNYA0,2527
001IV000015RuomYAC,2967
001IV000015EvJNYA0,1460
001IV000015EvJ9YAK,1461
001IV000015S86AYAS,3143
001IV000015EtNlYAK,2117
001IV000015RewGYAS,3142
001IV000015S9HGYA0,2525
001IV000015kl9OYAQ,2873
001IV000015S8jGYAS,3146
001ci00000TQj7FAAT,30094
001IV000015EvHsYAK,1463
001IV000015EvJMYA0,1464
001IV000015EtO1YAK,1465
001IV000015EwYHYA0,1466
001IV000015EwXrYAK,1467
001IV000015S9H9YAK,2762
001IV000015EwXDYA0,2118
001IV000015EsI4YAK,1469
001IV000015Ev4SYAS,1470
001IV000015SAGSYA4,2528
001IV000015S4l4YAC,2529
001IV000015S8ihYAC,3149
001IV000015Ev3hYAC,1471
001IV000015EvItYAK,2119
001IV000015EtOgYAK,1473
001IV000015S9GxYAK,2780
001IV000015S9GXYA0,2761
001IV000015EvIeYAK,1474
001IV000015S2eLYAS,3150
001IV000015EtO2YAK,1475
001IV000015EvIRYA0,1476
001IV000015EwWnYAK,1477
001IV000015EvIjYAK,2120
001IV000015EvIxYAK,1479
001IV000015S8jKYAS,3151
001IV000015S54CYAS,2468
001IV000015Ev40YAC,1480
001IV000015kl9rYAA,2874
001IV000015EtNSYA0,2287
001IV000015EvHoYAK,1482
001IV000015EtO0YAK,1483
001IV000015EvIIYA0,2122
001IV000015Ev3oYAC,1485
001IV000015EgsOYAS,1193
001IV000015Ev4KYAS,1486
001IV000015EtPjYAK,2123
001IV000015EtOlYAK,1488
001IV000015Ev38YAC,1489
001IV000015EtOKYA0,2124
001IV000015EvIKYA0,1491
001IV000015EWjJYAW,1492
001IV000015SAFhYAO,3153
001IV000015EvIaYAK,2125
001IV000015EwX2YAK,1494
001IV000015EvIEYA0,2126
001IV000015EWbQYAW,1496
001IV000015SAGLYA4,2578
001IV000015klDnYAI,2763
001IV000015EWbSYAW,1497
001IV000015EtPnYAK,2127
001IV000015EwXWYA0,1499
001IV000015S8jAYAS,3152
001IV00001DRTimYAH,17867
001IV000015EtNNYA0,2128
001IV000015SJXRYA4,12599
001IV000015SCrsYAG,21414
001IV000015EwWcYAK,1501
001IV000015EtPMYA0,1502
001IV000015EwXpYAK,2129
001IV000015Ev4aYAC,1504
001IV000015Ev3XYAS,2130
001IV000015EwWiYAK,1506
001IV000015EuyQYAS,11779
001IV000017vrasYAA,28417
001IV000015Ev3uYAC,2131
001IV000015EtNqYAK,2132
001IV000015S2SUYA0,3154
001IV000015DcKXYA0,1194
001IV000015EwXHYA0,1509
001IV000015EwXEYA0,1510
001IV000015EvJCYA0,1511
001IV000015EWjKYAW,1512
001IV000015EtPoYAK,1513
001IV000015EwXQYA0,2133
001IV000015SAFfYAO,3159
001IV000015S85yYAC,3161
001IV000015S2e9YAC,3162
001IV000015EtOxYAK,1515
001IV000015EtP3YAK,1516
001IV000015Ev4LYAS,1517
001IV000015Ev37YAC,1518
001IV000015DVu8,1685
001IV000015Ev4BYAS,1519
001IV000015S864YAC,3163
001IV000015SAHKYA4,2875
001IV000015EvHpYAK,1520
001IV000015klA3YAI,2532
001IV000015EaJoYAK,1521
001IV000015S6ZwYAK,3160
001IV000015Rw2dYAC,2535
001IV000015SJXNYA4,2472
001IV000015Ev3EYAS,1523
001IV000015S8ivYAC,3165
001IV000015SJXdYAO,2912
001IV000015S85nYAC,3164
001IV000015S7NGYA0,2539
001IV0000166HWBYA2,26872
001IV000015SAHnYAO,3166
001IV000015S2SCYA0,2765
001IV000015S2SJYA0,3247
001IV000015RxtbYAC,2764
001ci00000TPY93AAH,29671
001IV000015S862YAC,3168
001IV000015S85hYAC,3167
001IV000015EtP7YAK,1524
001IV000015EfQ8,1564
001IV000015S53yYAC,2537
001IV000015Rw2cYAC,2536
001IV000015SAG3YAO,2538
001IV000015S8iuYAC,3169
001IV000015kl9JYAQ,2607
001IV000015S54RYAS,2522
001IV000015EtOEYA0,1525
001IV000015S8j3YAC,3180
001IV000015S9H8YAK,2768
001IV000015S2eJYAS,3173
001IV000015S3RTYA0,2515
001IV000015RzTdYAK,3185
001IV000015EvJRYA0,1526
001IV000015S9GaYAK,2769
001IV000015S4lCYAS,3186
001IV000015ERwTYAW,1196
001IV000015S8j1YAC,3181
001IV000015S8iaYAC,3189
001IV000015EwWkYAK,6599
001IV000015S50MYAS,3174
001IV000015EtP5YAK,1527
001IV000015S9HLYA0,2541
001IV000015EwXLYA0,2134
001IV000015S54ZYAS,2544
001IV000015EvIvYAK,1529
001IV000015S869YAC,3182
001IV000015SAG4YAO,2542
001IV000015SAHPYA4,3175
001IV000015SGWfYAO,2546
001IV000015SJZPYA4,2772
001IV000015S9GhYAK,2774
001IV000015S50PYAS,3183
001IV000015S9GQYA0,2771
001IV000015kl9WYAQ,2545
001IV000015EwY7YAK,1530
001IV000015SADvYAO,2876
001IV000015DcKZYA0,1531
001IV000015EvJ5YAK,1532
001IV000015EtNcYAK,1533
001IV000015EwWgYAK,1534
001IV000015RyDzYAK,3025
001IV000015S50EYAS,3170
001IV000015EwYGYA0,1535
001IV000015S85rYAC,3184
001IV000015SAHtYAO,3190
001IV000015S2SMYA0,3171
001IV000015Rew9YAC,3210
001IV000015EvI4YAK,1536
001IV000015Ev3FYAS,1537
001IV000015Rew6YAC,3178
001IV000015SAGDYA4,2548
001IV000015S2SXYA0,2825
001IV00001Fi5seYAB,23174
001IV000015RzT6YAK,2547
001IV000015EwXiYAK,6600
001IV000015EwYSYA0,1538
001IV000015EwWTYA0,2135
001IV000015S8iWYAS,3172
001IV000015EwXhYAK,2136
001IV000015SAGwYAO,3402
001IV000015S8iTYAS,3188
001IV000015SAFjYAO,2840
001IV000015RvVOYA0,3332
001IV000015Ev49YAC,1541
001IV000015S3RQYA0,2766
001IV000015EgsPYAS,1197
001IV0000166HWRYA2,22035
001IV000015S85oYAC,3179
001IV000015SJXQYA4,2781
001IV000015S9GtYAK,2775
001IV000015S2SNYA0,3194
001IV000015SAIGYA4,3411
001IV00001DPl2JYAT,27604
001IV000015EvJ1YAK,1542
001IV000015EtNwYAK,2137
001IV000015MBzHYAW,1198
001IV000015kl9vYAA,2877
001IV000015EwXaYAK,1544
001IV000015EvIgYAK,2138
001IV000015EtPOYA0,2139
001IV000015RewDYAS,3196
001IV000015RyE0YAK,3197
001IV000015SAI0YAO,3198
001IV000015S6VVYA0,3191
001IV000015EvHtYAK,1547
001IV000015SAGmYAO,2549
001IV000015EtPQYA0,1548
001IV000015SAIFYA4,3410
001IV000015S86DYAS,3199
001IV000015SADjYAO,2777
001IV000015S9GuYAK,2778
001IV000015Ev41YAC,1549
001IV000015EtNzYAK,2140
001IV000015S85jYAC,3204
001IV000015RuolYAC,2971
001IV000015S2eTYAS,3211
001IV000015SJZSYA4,2916
001IV000015SJZTYA4,2917
001IV000015SAGEYA4,2553
001IV000015SJXXYA4,2883
001IV000015SJZbYAO,2918
001IV000015SJZcYAO,2919
001IV000015S6LyYAK,2920
001IV000015SJZYYA4,2926
001IV000015SJZdYAO,2921
001IV000015SJZVYA4,2923
001IV000015EmhXYAS,1551
001IV000015SJZUYA4,2922
001IV000015EvImYAK,2288
001IV000015S50GYAS,3200
001IV000015Ev3dYAC,11773
001IV000015SJZZYA4,2924
001IV000015EtOsYAK,1553
001IV000015ESajYAG,1554
001IV000015SJZWYA4,2925
001IV000015SJZXYA4,2927
001IV000015EtNUYA0,2142
001IV000015EwXSYA0,1556
001IV000015EtONYA0,1557
001IV000015Ev4UYAS,1558
001IV000015Ev43YAC,1559
001IV000015S8idYAC,3193
001IV000015EtPcYAK,2143
001IV000015Ev3SYAS,2144
001IV000015S50KYAS,3205
001IV000015S8ioYAC,3207
001IV000015S8isYAC,3208
001IV000015EWjLYAW,1562
001IV000015RyDmYAK,3132
001IV000015RzTRYA0,3206
001IV000015EwY6YAK,1563
001IV000015EtPHYA0,2145
001IV000015SAGPYA4,2554
001IV000015S9H4YAK,2785
001IV000015EwYCYA0,1566
001IV000015S8nKYAS,3212
001IV000015RxtZYAS,2551
001IV000015S9GOYA0,2779
001IV000015S9GfYAK,2776
001IV000015SAI8YAO,3201
001IV000015RzTDYA0,2552
001IV000015S85tYAC,3213
001IV000015EUclYAG,1567
001IV000015S2eOYAS,3209
001IV000015EtNaYAK,1568
001IV000015SAFcYAO,3202
001IV000015S9GgYAK,18877
001IV000015EuyTYAS,6601
001IV000015SAGkYAO,2550
001IV000015EwXJYA0,1570
001IV000015Ev3WYAS,2146
001IV000015S50RYAS,3203
001IV000015S2eaYAC,3093
001IV000015RyDoYAK,3214
001IV00001Ip3ibYAB,24379
001IV000015EvJAYA0,6602
001IV000015S9HPYA0,3030
001IV000015S54NYAS,2555
001IV000015RyDsYAK,3220
001IV000015S9GnYAK,2786
001IV000015S50IYAS,3219
001IV000015SJXYYA4,3217
001IV000015SCrUYAW,2558
001IV000015S54BYAS,2566
001IV000015Rw2PYAS,2568
001IV000015SAFyYAO,2559
001IV000015EtP6YAK,1572
001IV000015RyDbYAK,2574
001IV000015SCrjYAG,2575
001IV000015RewAYAS,3215
001IV000015Rw2aYAC,2565
001IV000015EvIDYA0,2147
001IV000015S3RcYAK,2787
001IV000015EtNFYA0,1574
001IV000015S8jFYAS,3216
001IV000015RvVPYA0,3218
001IV000015SAICYA4,2783
001IV000015RxtaYAC,3221
001IV000015S8j2YAC,3224
001IV000015RzTiYAK,3223
001IV000015klABYAY,2577
001IV000015S8iUYAS,3222
001IV000015Ev3HYAS,2148
001IV000015S9GYYA0,2784
001IV000016NkFwYAK,11766
001ci00000TaQGHAA3,31413
001IV000015EvI0YAK,1576
001IV000015S9GiYAK,2793
001IV000015EvIPYA0,2149
001IV000015EtNKYA0,2150
001IV000015S8iqYAC,3228
001IV000015EvIXYA0,2151
001IV000015S2eBYAS,3225
001IV000015EwYOYA0,1580
001IV000015EwXXYA0,2152
001IV000015EWbNYAW,1582
001IV000015SAHIYA4,2878
001IV000015EtOGYA0,2153
001IV000015EWbPYAW,1584
001IV000015EtPpYAK,6603
001IV000015EwWdYAK,1585
001IV000015S8j8YAC,3227
001IV000015S8j9YAC,2842
001IV000015Ev4EYAS,1586
001IV000015EtOUYA0,2154
001IV000015MBzKYAW,1588
001ci00000UFKV1AAP,31213
001IV000015EtO3YAK,1589
001IV000015EtOMYA0,1590
001IV000015S85iYAC,3229
001IV000015EuyRYAS,1591
001IV000015EtNm,1200
001IV000015SAGhYAO,2579
001IV000015SAHOYA4,2879
001IV000015S6ZyYAK,3232
001IV000015Ev3OYAS,2155
001IV000015EgsGYAS,1201
001IV000015SAGiYAO,2794
001IV000015EvJIYA0,1593
001IV000015S2eAYAS,3233
001IV000015EvIZYA0,1594
001IV000015SAH8YAO,2880
001IV000015RyDxYAK,3237
001IV000015Ev4CYAS,1595
001IV000015EtOZYA0,1596
001IV000015EwYJYA0,1597
001IV000015EtPDYA0,2156
001IV000015kl8wYAA,11863
001IV000015RxtdYAC,11783
001IV000015SAH5YAO,11784
001IV000015S549YAC,11864
001IV000015S54AYAS,11865
001IV000015S8jNYAS,11785
001IV000015RcUhYAK,11786
001IV000015S8jTYAS,11787
001IV000015RxtcYAC,11788
001IV000015RyE9YAK,3230
001IV000015EtOdYAK,1599
001IV000015EtOnYAK,2157
001IV000015S8iwYAC,3235
001IV000015EWjIYAW,1601
001IV000015S8ijYAC,3234
001IV000015Ev3DYAS,1602
001IV000015S8irYAC,3236
001IV000015RyDlYAK,3243
001IV000015F0p7YAC,1603
001IV000015EwYPYA0,1604
001IV000015EtNyYAK,2158
001IV000015EWjMYAW,1606
001IV000015SJKcYAO,2581
001IV000015S3zWYAS,2580
001IV000015S54OYAS,2582
001IV000015Rw2MYAS,2567
001IV000015RcUxYAK,2642
001IV000015S6M4YAK,11866
001IV000015S6M5YAK,11870
001IV000015RcUuYAK,11789
001IV000015RcUwYAK,2884
001IV000015RcUjYAK,11790
001IV000015S3zNYAS,2583
001IV000015EtNgYAK,1607
001IV000015S9GRYA0,2796
001IV000015S50AYAS,3239
001IV000015EtOzYAK,2159
001IV000015EtPBYA0,2160
001IV000015EvI8YAK,1610
001IV000015Ev46YAC,1611
001IV000015S8ieYAC,2843
001IV000015EwXkYAK,1612
001IV000015EtNIYA0,2161
001IV000015EvIWYA0,2162
001IV000015S867YAC,3013
001IV000015Ev4FYAS,1615
001IV000015EvIrYAK,2163
001IV000015DcKVYA0,1202
001IV000015PwyTYAS,1617
001IV000015S9H5YAK,2797
001IV000015EtNfYAK,2164
001IV000015EtPSYA0,1619
001IV000015SAG2YAO,2846
001IV000015EtOXYA0,2165
001IV000015Ev4WYAS,1621
001IV000015S866YAC,3238
001IV000015SAFeYAO,3231
001IV000015EvI2YAK,6604
001IV000015EwWpYAK,1622
001IV000015EwWuYAK,1623
001IV000015EWbRYAW,1624
001IV000015Rw2ZYAS,2573
001IV000015Rw2YYAS,2572
001IV000015Rw2LYAS,2571
001IV000015SCrpYAG,2570
001IV000015S2eIYAS,3244
001IV000016Ou8MYAS,11765
001IV000015S2SPYA0,3245
001IV000015S9GUYA0,2798
001IV000015Ev39YAC,1625
001IV000015EtOVYA0,2166
001IV000015SAGIYA4,2584
001IV000015EgsIYAS,1204
001IV000015SAIDYA4,2799
001IV000015SCrqYAG,2441
001IV000015S3RdYAK,2802
001IV000015EvJDYA0,1627
001IV000015RzTVYA0,3254
001IV000015RyL2YAK,3246
001IV000015S85lYAC,3248
001IV000015S54TYAS,2589
001IV000015SCreYAG,2603
001IV000015SCrgYAG,2602
001IV000015SCrdYAG,2598
001IV000015SCrnYAG,2596
001IV000015SCrcYAG,2600
001IV000015SCrmYAG,2597
001IV000015SCrYYAW,2588
001IV000015SCriYAG,2595
001IV000015S54UYAS,2591
001IV000015SCrfYAG,2592
001IV000015EvI7YAK,1628
001IV000015SAG8YAO,2531
001IV000015EwXAYA0,2167
001IV000015SJXcYAO,2929
001IV000015EwWzYAK,2168
001IV00001Je3erYAB,27603
001IV000015EwY5YAK,1632
001IV000015SCrhYAG,2601
001IV000015Ev4ZYAS,1633
001IV000015EwWjYAK,1634
001IV000015RzTWYA0,3255
001IV000015SAGRYA4,2605
001IV000015Ri05YAC,2606
001IV000015Ev4MYAS,1635
001IV00001FCyXBYA1,19075
001IV000015EvIsYAK,2169
001IV000015EtOoYAK,2170
001IV000016QMP9YAO,20810
001IV000015SAHpYAO,3249
001IV000015RewCYAS,3256
001IV000015S2e8YAC,3253
001IV000015SCrZYAW,2540
001IV000015S9GWYA0,2800
001IV000015EwXtYAK,2171
001IV000015SAH4YAO,2801
001IV000015S9H3YAK,2803
001IV000015EtOCYA0,1639
001IV000015S54WYAS,2599
001IV000015SAGFYA4,2587
001IV000015SCrbYAG,2593
001IV000015S54VYAS,2590
001IV000015S86FYAS,3257
001IV000015EwXRYA0,2172
001IV000015EuyUYAS,6605
001IV000015EY51YAG,1641
001IV000015EtNVYA0,2173
001IV000015SAHWYA4,2604
001IV000015Ev3PYAS,2174
001IV000015EwXgYAK,2175
001IV000015S2SIYA0,3251
001IV000015RhU7YAK,3258
001IV000015RyL0YAK,3252
001IV000015SGWZYA4,2585
001IV000015S7NIYA0,2586
001IV000015Ev4YYAS,11780
001IV000015SAHsYAO,3259
001IV000015S509YAC,3260
001IV000015EvIkYAK,2176
001IV000015S2eFYAS,3261
001IV000015S50LYAS,3272
001IV000015ERwWYAW,1646
001IV000015SAGrYAO,2804
001IV000015SJZQYA4,2773
001IV000015S3RXYA0,2612
001IV000015SAHmYAO,3265
001IV000015DcKUYA0,1206
001IV000015F0ZI,1445
001IV000015Ev4NYAS,1647
001IV000015SAIAYA4,3270
001IV000015EwWxYAK,2177
001IV000015RzTeYAK,3286
001IV000015EwX4YAK,1649
001IV000015S8j0YAC,3280
001IV000015S50DYAS,3279
001IV000015RvVSYA0,2613
001IV000015S9HKYA0,2614
001IV000015S9H7YAK,2809
001IV000015SAGVYA4,2628
001IV000015EtOpYAK,1650
001IV000015SAFgYAO,3282
001IV000015RyL3YAK,3283
001IV000015EgsNYAS,1651
001IV000015S9GpYAK,2806
001IV000015S6M6YAK,2615
001IV000015RcUtYAK,2807
001IV000015EtORYA0,1652
001IV000015S4l8YAC,2619
001IV000015EvI9YAK,1653
001IV000015EtOSYA0,2178
001IV000015EsSGYA0,1655
001IV000015Rup6YAC,2617
001IV000015RyE6YAK,3273
001IV000015RvVUYA0,2810
001IV000015EtNOYA0,2179
001IV000015RyDnYAK,2848
001IV000015S3zYYAS,2620
001IV000015S54FYAS,2608
001IV000015S3zZYAS,2621
001IV000015S7NDYA0,2627
001IV000015SAIIYA4,2631
001IV000015S2e7YAC,3281
001IV000015S50JYAS,3274
001IV000015S865YAC,3276
001IV000015S8ilYAC,3275
001IV000015SGWgYAO,2625
001IV000015EuySYAS,1657
001IV000015Ev3CYAS,2180
001IV000015SAFmYAO,2519
001IV000015EtnsYAC,1207
001IV000015EaJnYAK,1659
001IV000015EwYIYA0,1660
001IV000015EvIzYAK,2181
001IV000015EtOrYAK,2182
001IV000015S54KYAS,2641
001IV000015Ev4OYAS,1663
001IV000015EwXYYA0,2183
001IV000015SAH7YAO,2881
001IV000015EwXIYA0,1665
001IV000015SAG0YAO,2634
001IV000015EwXwYAK,2184
001IV000015S86GYAS,3271
001IV000015S2eWYAS,3264
001IV000015S0hgYAC,2808
001IV000015EtNHYA0,2185
001IV000015EwXBYA0,2186
001IV000015SJKeYAO,3266
001IV000015S8jHYAS,3284
001IV000015RzTUYA0,3187
001IV000015S4lJYAS,3267
001IV000015S6M7YAK,2622
001IV000015EvJJYA0,1670
001IV000015S85zYAC,3277
001IV000015SAFaYAO,3195
001IV000015S9HBYA0,2623
001IV000015S3zRYAS,2709
001IV000015S3zQYAS,2710
001IV000015SJZKYA4,2708
001IV000015S541YAC,2849
001IV000015S8iVYAS,3278
001IV000015S7NBYA0,2624
001IV000015S54GYAS,2626
001IV000015klDdYAI,2630
001IV000015SAGGYA4,2629
001IV000015EWbKYAW,1671
001IV000015SAHZYA4,2632
001IV000015EtP1YAK,1672
001IV000015SytxYAC,2633
001IV000015EtPXYA0,1673
001IV000015Ev3MYAS,2187
001IV000015S3RYYA0,2636
001IV000015S3RWYA0,2635
001IV00001OcwzBYAR,29335
001IV000015EtnlYAC,2289
001IV000015SAGMYA4,2530
001IV000015Ev48YAC,1676
001IV000015En0n,1522
001IV000015SAG5YAO,2637
001IV000015S54PYAS,2638
001IV000015RuocYAC,2935
001IV000015S7NcYAK,2932
001IV000015EtOAYA0,2189
001IV000015RuoaYAC,2936
001IV000015SAHSYA4,3287
001IV000015EtOcYAK,2190
001IV000015RuodYAC,2937
001IV000015RuoeYAC,2938
001IV000015S2eHYAS,3285
001IV000015EvJKYA0,1679
001IV000015S6M1YAK,2939
001IV000015RuobYAC,2940
001IV000015S2eXYAS,3268
001IV000015EtPlYAK,2191
001IV000015Ev3ZYAS,2192
001IV000015EtPmYAK,2193
001IV000015EtOmYAK,2194
001IV000015S860YAC,3269
001IV000015EwWaYAK,1684
001IV000015SAHbYAO,2640
001IV000015SAFbYAO,3135
001IV000015RzTLYA0,3262
001IV000015RyDrYAK,3263
001IV000015SAFdYAO,3289
001IV000018FzHVYA0,20397
001IV000015S9HOYA0,3288
001IV000015EtOPYA0,2195
001IV000015S9GzYAK,2811
001IV000015S3RMYA0,2639
001IV000015kl9sYAA,2885
001IV000015RzTYYA0,3290
001IV000015EtNXYA0,2196
001IV000015EtPZYA0,1688
001IV000015S9GMYA0,2812
001IV0000166HUfYAM,18068
001IV000015EgsHYAS,1208
001IV000015ERwVYAW,1209
001IV000015S8iZYAS,3136
001IV000015F0p8YAC,1689
001IV000015S9GbYAK,2805
001IV000015S2eGYAS,3291
001IV000015MBzJYAW,1210
001IV000015EtOeYAK,2197
001IV000015RyDiYAK,3293
001IV000015PwySYAS,1691
001IV000015EvHyYAK,1692
001IV000015RyDaYAK,2611
001IV000015Ev3eYAC,2198
001IV000015EwWWYA0,2290
001IV000015EWbLYAW,1694
001IV000015Ev3jYAC,2199
001IV000015EvJ3YAK,1696
001IV00001H3uzUYAR,19679
001ci00000QIunxAAD,28419
001IV000015Ev35,1697
001IV000015EtOwYAK,2200
001IV000015EtOqYAK,2201
001IV00001FYmHGYA1,20189
001IV00001EMQOJYA5,22238
001IV000015SAHFYA4,2886
001IV000015S8jBYAS,3298
001IV000015EtNQYA0,2291
001IV000015S9HIYA0,2664
001IV000015SAHaYAO,2652
001IV00001MpG3yYAF,23374
001IV000015SGUoYAO,2657
001IV000015RuoYYAS,2656
001IV000015RuoWYAS,2646
001IV000015SGUmYAO,2647
001IV000015RuopYAC,2648
001IV000015Rup5YAC,2649
001IV000015SGUnYAO,2651
001IV000015RuoqYAC,2653
001IV000015SGWaYAO,2654
001IV000015SGUkYAO,2655
001IV000015SGUrYAO,2661
001IV000015SGUpYAO,2658
001IV000015SGUlYAO,2645
001IV000015RuooYAC,2659
001IV000015SGUqYAO,2660
001IV000015SADqYAO,3297
001IV000015RuoXYAS,2650
001IV000015S6ZvYAK,3299
001IV000015EwWUYA0,2203
001IV000015S9GVYA0,2813
001IV000015SAH3YAO,2814
001IV000015RhU9YAK,3409
001IV000015EvIFYA0,2204
001IV000015EWbUYAW,1703
001IV000015S8iSYAS,3292
001IV000015RcUaYAK,2663
001IV000015S9GcYAK,2815
001IV000015EvIlYAK,1704
001IV000015Ev3vYAC,1705
001IV000015EtPTYA0,1706
001IV000015EwYDYA0,1707
001IV000015S9H1YAK,2816
001IV000015Ev3RYAS,2205
001IV000015EtnoYAC,1211
001IV000015EjVoYAK,1631
001IV00001DyVipYAF,15180
001IV00001KQcDhYAL,23778
001IV000015RyE8YAK,3294
001IV000015EtNdYAK,1709
001IV000015RcUcYAK,2662
001IV000015EwXjYAK,2206
001IV000015EtNeYAK,1711
001IV000015EwWmYAK,1712
001IV000015EwXKYA0,2207
001IV000015EtOyYAK,1714
001IV000015EwYUYA0,1715
001IV000015EtPgYAK,2208
001IV00001Ms3QLYAZ,24810
001IV000015S2eCYAS,3295
001IV000015EwXuYAK,2209
001IV000015EtOYYA0,11775
001IV000015EvHxYAK,1718
001IV000015EwWhYAK,1719
001IV000015S8jEYAS,3296
001IV000015RewEYAS,3300
001IV000015S861YAC,2850
001IV000015SAGdYAO,2887
001IV000015RcUYYA0,2817
001IV000015Ev3VYAS,2210
001IV000015RyL1YAK,3301
001IV000015S3RaYAK,2665
001IV000015RzTXYA0,3302
001IV000015EtOLYA0,2211
001IV000015EtODYA0,2212
001IV000015SAG6YAO,2668
001IV000015S7NPYA0,2669
001IV000015S7NbYAK,2671
001IV000015S7NZYA0,2672
001IV000015SGWdYAO,2673
001IV000015S7NUYA0,2675
001IV000015S7NTYA0,2676
001IV000015S7NQYA0,2689
001IV000015S7NaYAK,2681
001IV000015S7NMYA0,2691
001IV000015S7NNYA0,2690
001IV000015S7NOYA0,2693
001IV000015S7NXYA0,2679
001IV000015S7NSYA0,2682
001IV000015S7NYYA0,2683
001IV000015SJZaYAO,2686
001IV000015S7NRYA0,2688
001IV000015SCrXYAW,2692
001IV000015S7NEYA0,2670
001IV000015S7NKYA0,2680
001IV000015S7NFYA0,2684
001IV000015S7NWYA0,2685
001IV000015S7NLYA0,2687
001IV000015S7NVYA0,2678
001IV000015SAHEYA4,2888
001IV000015SAH2YAO,2818
001IV000015EwXsYAK,2213
001IV000015Ev3kYAC,2214
001IV000015SJZNYA4,2674
001IV000015RvVRYA0,2819
001IV000015StHcYAK,2694
001IV000015SdRvYAK,2704
001IV000015klA7YAI,2699
001IV000015klA8YAI,2698
001IV000015S7NJYA0,2677
001IV000015SdRuYAK,2705
001IV000015EwWoYAK,1725
001IV000015EtP0YAK,1726
001IV000015kl9HYAQ,2644
001IV000015EwWlYAK,1727
001IV000015RKNcYAO,3305
001IV000015EtNnYAK,2292
001IV000015kl9wYAA,2667
001IV000015S508YAC,3304
001IV000015SAFnYAO,2821
001IV000015kl9PYAQ,2882
001IV000015RewBYAS,3226
001IV000015SAG1YAO,2820
001IV000015S9GIYA0,2851
001IV000015SAHxYAO,3303
001IV000015EtOHYA0,2216
001IV000015S85sYAC,3306
001IV000015S2eKYAS,3307
001IV000015EwXmYAK,2217
001IV000015S1XOYA0,3309
001IV000015S8j6YAC,3308
001IV000015S4l7YAC,2711
001IV000015RyDdYAK,2384
001IV000015EwXvYAK,2218
001IV000015S2SSYA0,3310
001IV000015RcUfYAK,2823
001ci00000SLsrjAAD,31845
001IV000017vrZPYAY,29033
001IV000015S2eUYAS,3311
001IV000015S546YAC,2822
001IV000015EvJ8YAK,1732
001IV000015RyDyYAK,3313
001IV000015S547YAC,2824
001IV000015Ev4DYAS,1733
001IV000015DcKYYA0,1734
001IV000015Ev3tYAC,2219
001IV000015S4lEYAS,3314
001ci00000Ts5lCAAR,30093
001IV000015S8igYAC,3312
001IV000015kl9LYAQ,2712
001IV000015EwWYYA0,2220
001IV000015S6a3YAC,3315
001IV000017GxE5YAK,16627
