DocumentNumber,NetsuiteId
2019001951,19720
2025000V1,21068
2025004490,29643
2025004779,105270
2025005193,144486
2025005202,157112
2025005207,232288
2025005210,232296
2025005421,233285
2025005968,250787
2025006323,263240
2025006324,263241
2025006325,263242
2025006813,269191
2025006826,295289
2025006829,295292
2025006836,295409
2025006841,298572
2025006849,304918
2025006928,305949
2026000195,307730
2026000607,309178
2026001178,330045
2026001229,333396
2026001257,338684
2026001258,338687
